{
  "model_type": "XGBoost_Optuna_Optimized",
  "training_timestamp": "2025-05-28T14:22:58.001966",
  "best_parameters": {
    "max_depth": 8,
    "min_child_weight": 3.983058043902991,
    "subsample": 0.8451573656680998,
    "colsample_bytree": 0.9183471047574292,
    "colsample_bylevel": 0.932814485193746,
    "reg_alpha": 0.01205695937557616,
    "reg_lambda": 9.051409536738177,
    "learning_rate": 0.019636661053172404,
    "n_estimators": 835,
    "gamma": 4.228031887368115,
    "objective": "binary:logistic",
    "eval_metric": "auc",
    "random_state": 42,
    "verbosity": 1
  },
  "optuna_trials": 25,
  "best_auc_score": 0.7185361031608187,
  "final_evaluation": {
    "auc": 0.7325605043725848,
    "precision": 0.1984732824427481,
    "recall": 0.174496644295302,
    "f1": 0.18571428571428572,
    "top_10_precision": 0.2,
    "top_50_precision": 0.14,
    "top_100_precision": 0.15,
    "top_500_precision": 0.168,
    "baseline_ctr": 0.03249082600448518,
    "predicted_high_ctr": 0.0930675256767713,
    "ctr_lift": 1.864424735275239,
    "ctr_gain_achieved": 0.06057669967228613,
    "ctr_ranking_correlation": 0.2150955459618335
  },
  "feature_count": 128,
  "training_samples": 27046,
  "validation_samples": 6997,
  "test_samples": 30042,
  "class_weights_used": true,
  "editorial_criteria_met": {
    "auc_threshold_0.75": false,
    "ctr_gain_achieved": true,
    "top_100_precision_0.5": false
  },
  "files_created": [
    "xgboost_optimized_model.pkl",
    "optuna_study.pkl",
    "test_predictions.parquet",
    "feature_importance.csv",
    "model_metadata.json",
    "plots/model_evaluation_dashboard.png"
  ]
}